Sort ,Name,Group,Loop,Condition,Qty,Value,Markup,Comment
101,Draught proofing and New sahes materials ,On Site Materials (PL),sliding sash,needs_draughtsealing and not frame_to_be_replaced and is_installation_included,area,3_1_sw_draughtseal_materials_per_sq_m,no_markup,
102,Splice repair Materials,On Site Materials (PL),n/a,needs_draughtsealing and not frame_to_be_replaced and is_installation_included,splice_repair_qty,3_2_splice_repair_materials,no_markup,
103,Resin repair Materials,On Site Materials (PL),n/a,needs_draughtsealing and not frame_to_be_replaced and is_installation_included,resin_repair_qty,3_3_resin_repair_materials,no_markup,
110,Fill repair Materials Standard,On Site Materials (PL),n/a,needs_draughtsealing and not frame_to_be_replaced and is_installation_included,fill_repair_qty,3_31_fill_repair_materials,no_markup,
111,Glass repair Materials Single Glazed,On Site Materials (PL),glass unit,is_hoarg and is_single_glazed and not is_single_pane_special,rounded_area,3_4_single_glass_repair_per_sq_m,no_markup,
112,Glass repair Materials Double Glazed,On Site Materials (PL),glass unit,is_hoarg and is_double_glazed and not (is_inner_pane_special or is_outer_pane_special),rounded_area,3_5_double_glass_repair_per_sq_m,no_markup,
113,Cill replacement Materials Material Price per Metre £3_6_cill_replacement_per_metre,On Site Materials (PL),n/a,,new_cill_length,3_6_cill_replacement_per_metre,no_markup,
114,Replacement Sprial Balances- Price per Pair £3_7_replacement_spirals_per_pair,On Site Materials (PL),sliding sash,is_opening and is_spiral_hung,3_7_replacement_spirals_per_pair,1,no_markup,
115,Lead Make weights,On Site Materials (PL),sliding sash,is_opening and needs_draughtsealing and not to_be_replaced,3_9_lead_make_weights_per_pair,1,no_markup,
121,Draught proofing and New sahes materials (Per m sq £3_11_cw_draughtseal_materials_per_sq_m),On Site Materials (PL),casement sash,needs_draughtsealing and not frame_to_be_replaced and is_installation_included and frame_area_in_m2,1,3_11_cw_draughtseal_materials_per_sq_m,no_markup,
122,Draught proofing Doors materials (Per m sq £3_12_door_draughtseal_materials_per_sq_m),On Site Materials (PL),sliding sash,needs_draughtsealing and not frame_to_be_replaced and is_installation_included and frame_area_in_m2,1,3_12_door_draughtseal_materials_per_sq_m,no_markup,
100,New Sashes Pair Standard Material upto 1.0 Sqm Sash Pair Area.,New Sashes (PL),sliding sash,(to_be_replaced and sibling_to_be_replaced) and sash_pair_area <= 1 ,1,500,no_markup,
101,New Sashes Pair Standard Material upto 1.5 Sqm Sash Pair Area.,New Sashes (PL),sliding sash,(to_be_replaced and sibling_to_be_replaced) and sash_pair_area > 1.0 and sash_pair_area <=1.5,1,1000,no_markup,
102,New Sashes Pair Standard Material upto 2 Sqm Sash Pair Area.,New Sashes (PL),sliding sash,(to_be_replaced and sibling_to_be_replaced) and sash_pair_area > 1.5 and sash_pair_area <= 2.0,1,1500,no_markup,
103,New Sashes Pair Standard Material upto 2.5 Sqm Sash Pair Area.,New Sashes (PL),sliding sash,(to_be_replaced and sibling_to_be_replaced) and sash_pair_area > 2.0 and sash_pair_area <= 2.5,1,2000,no_markup,
104,New Sashes Pair Standard Material upto 3.0 Sqm Sash Pair Area.,New Sashes (PL),sliding sash,(to_be_replaced and sibling_to_be_replaced) and sash_pair_area > 2.5 and sash_pair_area <= 3.0,1,2500,no_markup,
105,New Sashes Pair Standard Material Over 3.0 Sqm Sash Pair Area.,New Sashes (PL),sliding sash,(to_be_replaced and sibling_to_be_replaced) and sash_pair_area > 3.0,1,3000,no_markup,
110,New Single Sash Standard Material upto 1.0 Sqm ,New Sashes (PL),sliding sash,to_be_replaced and not sibling_to_be_replaced and sash_pair_area <= 1.0,0.5,500,no_markup,
112,New Single Sash Standard Material from 1.0 Sqm to 1.5m sq.,New Sashes (PL),sliding sash,(to_be_replaced and not sibling_to_be_replaced) and sash_pair_area > 1.0 and sash_pair_area <= 1.5,0.5,1000,no_markup,
113,New Single Sash Standard Material from 1.5 Sqm to 2.0m sq.,New Sashes (PL),sliding sash,(to_be_replaced and not sibling_to_be_replaced) and sash_pair_area > 1.5 and sash_pair_area <= 2.0,0.5,1500,no_markup,
114,New Single Sash Standard Material from 2.0 Sqm to 2.5m sq.,New Sashes (PL),sliding sash,(to_be_replaced and not sibling_to_be_replaced) and sash_pair_area > 2.0 and sash_pair_area <= 2.5,0.5,2000,no_markup,
115,New Single Sash Standard Material from 2.5 Sqm to 3.0m sq.,New Sashes (PL),sliding sash,(to_be_replaced and not sibling_to_be_replaced) and sash_pair_area > 2.5 and sash_pair_area <= 3.0,0.5,2500,no_markup,
116,New Single Sash Standard Material over 3.0 Sqm ,New Sashes (PL),sliding sash,(to_be_replaced and not sibling_to_be_replaced) and sash_pair_area > 3,0.5,3000,no_markup,
210,New Box Frame Single Sash Window upto 1.5 Sqm frame Area.,New Frames or Complete New (PL),frame,is_sw and to_be_replaced and frame_mullion_qty == 0 and area <= 1.5,1,2000,no_markup,
211,New Box Frame Single Sash Window upto 2sqm,New Frames or Complete New (PL),frame,is_sw and to_be_replaced and frame_mullion_qty == 0 and area > 1.5 and area <= 2,1,2500,no_markup,
212,New Box Frame Single Sash Window upto 2.5 Sqm frame Area,New Frames or Complete New (PL),frame,is_sw and to_be_replaced and frame_mullion_qty == 0 and area > 2.0 and area <= 2.5,1,3000,no_markup,
213,New Box Frame Single Sash Window upto 3 Sqm frame Area,New Frames or Complete New (PL),frame,is_sw and to_be_replaced and frame_mullion_qty == 0 and area > 2.5 and area <= 3.0,1,3500,no_markup,
214,New Box Frame Single Sash Window over 3 Sqm frame Area,New Frames or Complete New (PL),frame,is_sw and to_be_replaced and frame_mullion_qty == 0 and area > 3.0,1,4000,no_markup,
215,New Frame Double Sash Window upto 2 Sqm frame Area.,New Frames or Complete New (PL),frame,is_sw and to_be_replaced and frame_mullion_qty == 1 and area <= 2,1,5000,no_markup,
216,"New Frame Double Sash Window upto 3 Sqm frame Area.",New Frames or Complete New (PL),frame,is_sw and to_be_replaced and frame_mullion_qty == 1 and area > 2.0 and area <=3,1,5500,no_markup,
217,"New Frame Double Sash Window upto 4 Sqm frame Area.",New Frames or Complete New (PL),frame,is_sw and to_be_replaced and frame_mullion_qty == 1 and area > 3.0 and area <=4,1,6000,no_markup,
218,"New Frame Double Sash Window upto 5 Sqm frame Area.",New Frames or Complete New (PL),frame,is_sw and to_be_replaced and frame_mullion_qty == 1 and area > 4.0 and area <=5,1,6500,no_markup,
219,"New Frame Double Sash Window over 5 Sqm frame Area.",New Frames or Complete New (PL),frame,is_sw and to_be_replaced and frame_mullion_qty == 1 and area > 5.0,1,7000,no_markup,
220,Complete New Triple Sash Window from 3 Sqm frame Area. ,New Frames or Complete New (PL),frame,is_sw and to_be_replaced and frame_mullion_qty == 2 and area <=3,1,7500,no_markup,
221,Complete New Triple Sash Window upto 4 Sqm frame Area.,New Frames or Complete New (PL),frame,is_sw and to_be_replaced and frame_mullion_qty == 2 and area > 3.0 and area <=4,1,8000,no_markup,
222,Complete New Triple Sash Window upto 6 Sqm frame Area.,New Frames or Complete New (PL),frame,is_sw and to_be_replaced and frame_mullion_qty == 2 and area > 4.0 and area <=5,1,8500,no_markup,
223,Complete New Triple Sash Window over 6 Sqm frame Area.,New Frames or Complete New (PL),frame,is_sw and to_be_replaced and frame_mullion_qty == 2 and area >5,1,9000,no_markup,
230,New Casement Sashes from 0.5 Sqm Sash Area.,New Sashes (PL),casement sash,to_be_replaced and area <= 0.5,1,500,no_markup,
231,New Casement Sashes upto 1 Sqm Sash Area.,New Sashes (PL),casement sash,to_be_replaced and area > 0.5 and area <= 1.0,1,750,no_markup,
232,New Casement Sashes upto 1.5 Sqm Sash Area.,New Sashes (PL),casement sash,to_be_replaced and area > 1.0 and area <= 1.5,1,1000,no_markup,
233,New Casement Sashes over 1.5 Sqm Sash Area.,New Sashes (PL),casement sash,to_be_replaced and area > 1.5 ,1,1250,no_markup,
235,Single Casement Frame upto 1.5 Sqm frame Area. Design 11,New Frames or Complete New (PL),frame,to_be_replaced and casement_sash_qty + direct_glazed_unit_qty == 1 and sliding_sash_qty == 0 and area <= 1.5,1,1000,no_markup,
236,Single Casement Frame upto 2 Sqm frame Area. Design 11,New Frames or Complete New (PL),frame,to_be_replaced and casement_sash_qty + direct_glazed_unit_qty == 1 and sliding_sash_qty == 0 and door_leaf_qty == 0 and area > 1.5 and area <= 2.0,1,1250,no_markup,
237,Single Casement Frame upto 2.5 Sqm frame Area. Design 11,New Frames or Complete New (PL),frame,to_be_replaced and casement_sash_qty + direct_glazed_unit_qty == 1 and sliding_sash_qty == 0 and door_leaf_qty == 0 and area > 2.0 and area <= 2.5,1,1500,no_markup,
238,Single Casement Frame upto 3 Sqm frame Area. Design 11,New Frames or Complete New (PL),frame,to_be_replaced and casement_sash_qty + direct_glazed_unit_qty == 1 and sliding_sash_qty == 0 and door_leaf_qty == 0 and area > 2.5 and area <= 3.0,1,1750,no_markup,
239,Single Casement Frame over 3 Sqm frame Area. Design 11,New Frames or Complete New (PL),frame,to_be_replaced and casement_sash_qty + direct_glazed_unit_qty == 1 and sliding_sash_qty == 0 and door_leaf_qty == 0 and area > 3.0,1,2000,no_markup,
240,Single Casement with fanlight Casement Complete New from 1.5 Sqm frame Area. Design 1 2,New Frames or Complete New (PL),frame,to_be_replaced and (casement_sash_qty + direct_glazed_unit_qty == 2) and full_length_frame_mullion_qty == 1 and frame_transom_qty == 0 and door_leaf_qty == 0 and sliding_sash_qty == 0 and door_leaf_qty == 0 and area <= 1.5,1,2500,no_markup,
241,Single Casement with fanlight Casement Complete New from 2.0 Sqm frame Area.Design 1 2,New Frames or Complete New (PL),frame,to_be_replaced and (casement_sash_qty + direct_glazed_unit_qty == 2) and full_length_frame_mullion_qty == 1 and frame_transom_qty == 0 and door_leaf_qty == 0 and sliding_sash_qty == 0 and door_leaf_qty == 0 and area > 1.5 and area <= 2.0,1,2750,no_markup,
242,Single Casement with fanlight Casement Complete New upto 2.5 Sqm frame Area.Design 1 2,New Frames or Complete New (PL),frame,to_be_replaced and (casement_sash_qty + direct_glazed_unit_qty == 2) and full_length_frame_mullion_qty == 1 and frame_transom_qty == 0 and door_leaf_qty == 0 and sliding_sash_qty == 0 and door_leaf_qty == 0 and area > 2.0 and area <= 2.5,1,3000,no_markup,
243,Single Casement with fanlight Casement Complete New upto 3.0 Sqm frame Area.Design 1 2,New Frames or Complete New (PL),frame,to_be_replaced and (casement_sash_qty + direct_glazed_unit_qty == 2) and full_length_frame_mullion_qty == 1 and frame_transom_qty == 0 and door_leaf_qty == 0 and sliding_sash_qty == 0 and door_leaf_qty == 0 and area > 2.5 and area <= 3.0,1,3250,no_markup,
244,Single Casement with fanlight Casement Complete New over 3.0 Sqm frame Area.Design 1 2,New Frames or Complete New (PL),frame,to_be_replaced and (casement_sash_qty + direct_glazed_unit_qty == 2) and full_length_frame_mullion_qty == 1 and frame_transom_qty == 0 and door_leaf_qty == 0 and sliding_sash_qty == 0 and door_leaf_qty == 0 and area > 3.0,1,3500,no_markup,
245,Double Casement Frame New upto 1.5 Sqm frame Area. Design 2 1,New Frames or Complete New (PL),frame,to_be_replaced and (casement_sash_qty + direct_glazed_unit_qty == 2) and full_length_frame_mullion_qty == 1 and frame_transom_qty == 0 and door_leaf_qty == 0 and sliding_sash_qty == 0 and door_leaf_qty == 0 and area <= 1.5,1,2000,no_markup,
246,Double Casement Frame New upto 2.0 Sqm frame Area. Design 2 1,New Frames or Complete New (PL),frame,to_be_replaced and (casement_sash_qty + direct_glazed_unit_qty == 2) and full_length_frame_mullion_qty == 1 and frame_transom_qty == 0 and door_leaf_qty == 0 and sliding_sash_qty == 0 and door_leaf_qty == 0 and area > 1.5 and area <= 2.0,1,2500,no_markup,
247,Double Casement Frame New upto 2.5 Sqm frame Area. Design 2 1,New Frames or Complete New (PL),frame,to_be_replaced and (casement_sash_qty + direct_glazed_unit_qty == 2) and full_length_frame_mullion_qty == 1 and frame_transom_qty == 0 and door_leaf_qty == 0 and sliding_sash_qty == 0 and door_leaf_qty == 0 and area > 2.0 and area <= 2.5,1,3000,no_markup,
248,Double Casement Frame New upto 3.0 Sqm frame Area. Design 2 1,New Frames or Complete New (PL),frame,to_be_replaced and (casement_sash_qty + direct_glazed_unit_qty == 2) and full_length_frame_mullion_qty == 1 and frame_transom_qty == 0 and door_leaf_qty == 0 and sliding_sash_qty == 0 and door_leaf_qty == 0 and area > 2.5 and area <= 3.0,1,3500,no_markup,
249,Double Casement Frame New over 3.0 Sqm frame Area. Design 2 1,New Frames or Complete New (PL),frame,to_be_replaced and (casement_sash_qty + direct_glazed_unit_qty == 2) and full_length_frame_mullion_qty == 1 and frame_transom_qty == 0 and door_leaf_qty == 0 and sliding_sash_qty == 0 and door_leaf_qty == 0 and area > 3.0,1,4000,no_markup,
250,Double Casement Frame with Fanlight New up to 2 Sqm frame Area. Design 2 2,New Frames or Complete New (PL),frame,to_be_replaced and (casement_sash_qty + direct_glazed_unit_qty == 4) and full_length_frame_mullion_qty == 1 and (frame_transom_qty == 1 or new_floating_transom_casement_pair_qty == 1 ) and door_leaf_qty == 0 and sliding_sash_qty == 0 and door_leaf_qty == 0 and area <= 2.0,1,4500,no_markup,
251,Double Casement Frame with Fanlight New up to 3.0 Sqm frame Area.Design 2 2,New Frames or Complete New (PL),frame,to_be_replaced and (casement_sash_qty + direct_glazed_unit_qty == 4) and full_length_frame_mullion_qty == 1 and (frame_transom_qty == 1 or new_floating_transom_casement_pair_qty == 1 ) and door_leaf_qty == 0 and sliding_sash_qty == 0 and door_leaf_qty == 0 and area > 2.0 and area <= 3.0,1,4750,no_markup,
252,Double Casement Frame with Fanlight New up to 4.0 Sqm frame Area.Design 2 2,New Frames or Complete New (PL),frame,to_be_replaced and (casement_sash_qty + direct_glazed_unit_qty == 4) and full_length_frame_mullion_qty == 1 and (frame_transom_qty == 1 or new_floating_transom_casement_pair_qty == 1 ) and door_leaf_qty == 0 and sliding_sash_qty == 0 and door_leaf_qty == 0 and area > 3.0 and area <= 4.0,1,5000,no_markup,
253,Double Casement Frame with Fanlight New over to 4.0 Sqm frame Area.Design 2 2,New Frames or Complete New (PL),frame,to_be_replaced and (casement_sash_qty + direct_glazed_unit_qty == 4) and full_length_frame_mullion_qty == 1 and (frame_transom_qty == 1 or new_floating_transom_casement_pair_qty == 1 ) and door_leaf_qty == 0 and sliding_sash_qty == 0 and door_leaf_qty == 0 and area > 4.0,1,5250,no_markup,
261,Triple Casement frame New from 2.0 Sqm frame Area. Design 3 1 ,New Frames or Complete New (PL),frame,to_be_replaced and (casement_sash_qty + direct_glazed_unit_qty == 3) and full_length_frame_mullion_qty == 2 and frame_transom_qty == 0 and door_leaf_qty == 0 and sliding_sash_qty == 0 and door_leaf_qty == 0 and area <= 2.0,1,5500,no_markup,
262,Triple Casement frame New from 3.0 Sqm frame Area. Design 3 1 ,New Frames or Complete New (PL),frame,to_be_replaced and (casement_sash_qty + direct_glazed_unit_qty == 3) and full_length_frame_mullion_qty == 2 and frame_transom_qty == 0 and door_leaf_qty == 0 and sliding_sash_qty == 0 and door_leaf_qty == 0 and area > 2.0 and area <= 3.0,1,5750,no_markup,
263,Triple Casement frame New from 4.0 Sqm frame Area. Design 3 1,New Frames or Complete New (PL),frame,to_be_replaced and (casement_sash_qty + direct_glazed_unit_qty == 3) and full_length_frame_mullion_qty == 2 and frame_transom_qty == 0 and door_leaf_qty == 0 and sliding_sash_qty == 0 and door_leaf_qty == 0 and area > 3.0 and area <= 4.0,1,6000,no_markup,
257,Triple Casement frame New over 4.0 Sqm frame Area. Design 3 1,New Frames or Complete New (PL),frame,to_be_replaced and (casement_sash_qty + direct_glazed_unit_qty == 3) and full_length_frame_mullion_qty == 2 and frame_transom_qty == 0 and door_leaf_qty == 0 and sliding_sash_qty == 0 and door_leaf_qty == 0 and area > 4.0 ,1,6250,no_markup,
258,Triple Casement frame with fanlights upto 3.0 sq m New Design 3 2 ,New Frames or Complete New (PL),frame,to_be_replaced and (casement_sash_qty + direct_glazed_unit_qty == 6) and full_length_frame_mullion_qty == 2 and (frame_transom_qty == 1 or new_floating_transom_casement_pair_qty == 1 ) and door_leaf_qty == 0 and sliding_sash_qty == 0 and door_leaf_qty == 0 and area <= 3.0,1,6500,no_markup,
259,Triple Casement frame with fanlights upto 4.0 sw m New Design 3 2 ,New Frames or Complete New (PL),frame,to_be_replaced and (casement_sash_qty + direct_glazed_unit_qty == 6) and full_length_frame_mullion_qty == 2 and (frame_transom_qty == 1 or new_floating_transom_casement_pair_qty == 1 ) and door_leaf_qty == 0 and sliding_sash_qty == 0 and door_leaf_qty == 0 and area > 3.0 and area <= 4.0,1,6750,no_markup,
260,Triple Casement frame with fanlights upto 5.0 sw mNew Design 3 2 ,New Frames or Complete New (PL),frame,to_be_replaced and (casement_sash_qty + direct_glazed_unit_qty == 6) and full_length_frame_mullion_qty == 2 and (frame_transom_qty == 1 or new_floating_transom_casement_pair_qty == 1 ) and door_leaf_qty == 0 and sliding_sash_qty == 0 and door_leaf_qty == 0 and area > 4.0 and area <= 5.0,1,7000,no_markup,
261,Triple Casement frame with fanlights over 5.0 sq m New Design 3 2 ,New Frames or Complete New (PL),frame,to_be_replaced and (casement_sash_qty + direct_glazed_unit_qty == 6) and full_length_frame_mullion_qty == 2 and (frame_transom_qty == 1 or new_floating_transom_casement_pair_qty == 1 ) and door_leaf_qty == 0 and sliding_sash_qty == 0 and door_leaf_qty == 0 and area > 5.0,1,7250,no_markup,
265,Quadruple Casement frame New Design 4 1 from 3 sq M,New Frames or Complete New (PL),frame,to_be_replaced and (casement_sash_qty + direct_glazed_unit_qty == 4) and full_length_frame_mullion_qty == 3 and frame_transom_qty == 0 and door_leaf_qty == 0 and sliding_sash_qty == 0 and door_leaf_qty == 0 and area > 3.0,1,4000,no_markup,
266,Quadruple Casement frame New Design 4 1 upto 4 sq M,New Frames or Complete New (PL),frame,to_be_replaced and (casement_sash_qty + direct_glazed_unit_qty == 4) and full_length_frame_mullion_qty == 3 and frame_transom_qty == 0 and door_leaf_qty == 0 and sliding_sash_qty == 0 and door_leaf_qty == 0 and area > 3.0 and area <= 4.0,1,4500,no_markup,
267,Quadruple Casement frame New Design 4 1 over 4 sq M,New Frames or Complete New (PL),frame,to_be_replaced and (casement_sash_qty + direct_glazed_unit_qty == 4) and full_length_frame_mullion_qty == 3 and frame_transom_qty == 0 and door_leaf_qty == 0 and sliding_sash_qty == 0 and door_leaf_qty == 0 and area > 4.0,1,5000,no_markup,
270,Quadrule Casement frame with fanlights New Design 4 2 From 4 Sq m,New Frames or Complete New (PL),frame,to_be_replaced and (casement_sash_qty + direct_glazed_unit_qty == 4) and full_length_frame_mullion_qty == 3 and frame_transom_qty == 1 and door_leaf_qty == 0 and sliding_sash_qty == 0 and door_leaf_qty == 0 and area <= 4.0,1,5500,no_markup,
271,Quadrule Casement frame with fanlights New Design 4 2 upto 5 Sq m,New Frames or Complete New (PL),frame,to_be_replaced and (casement_sash_qty + direct_glazed_unit_qty == 4) and full_length_frame_mullion_qty == 3 and frame_transom_qty == 1 and door_leaf_qty == 0 and sliding_sash_qty == 0 and area > 4.0 and door_leaf_qty == 0 and area <= 5.0,1,6000,no_markup,
272,Quadrule Casement frame with fanlights New Design 4 2 upto 6 Sq m,New Frames or Complete New (PL),frame,to_be_replaced and (casement_sash_qty + direct_glazed_unit_qty == 4) and full_length_frame_mullion_qty == 3 and frame_transom_qty == 1 and door_leaf_qty == 0 and sliding_sash_qty == 0 and door_leaf_qty == 0 and area > 5.0 and area <= 6.0,1,6500,no_markup,
273,Quadrule Casement frame with fanlights New Design 4 2 over 6 Sq m,New Frames or Complete New (PL),frame,to_be_replaced and (casement_sash_qty + direct_glazed_unit_qty == 4) and full_length_frame_mullion_qty == 3 and frame_transom_qty == 1 and door_leaf_qty == 0 and sliding_sash_qty == 0 and door_leaf_qty == 0 and area > 6.0,1,6500,no_markup,
300,Single Door Glazed Frame Design 1.1 upto 2m Sq,New Frames or Complete New (PL),n/a,new_frame_qty >= 1 and (door_leaf_qty + casement_sash_qty + direct_glazed_unit_qty == 1)and frame_transom_qty == 0 and not is_front_door and frame_area <= 2.0,1,2500,no_markup,
310,New Single Door Glazed and fanlight (1. 2) upto 2.5 m Sq,New Frames or Complete New (PL),n/a,new_frame_qty >= 1 and (door_leaf_qty + casement_sash_qty + direct_glazed_unit_qty == 2)and frame_transom_qty == 1 and not is_front_door and frame_area <= 2.5,1,3500,no_markup,
320,New Double Door Glazed (2. 1) Upto 2.5m Sq,New Frames or Complete New (PL),n/a,new_frame_qty >= 1 and (door_leaf_qty + casement_sash_qty + direct_glazed_unit_qty == 2)and frame_transom_qty == 0 and not is_front_door and frame_area <= 2.5,1,4000,no_markup,
330,New Double Door Glazed and fanlight (2. 2) upto 3 m Sq ,New Frames or Complete New (PL),n/a,new_frame_qty >= 1 and (door_leaf_qty + casement_sash_qty + direct_glazed_unit_qty == 3)and frame_transom_qty == 1 and not is_front_door and frame_area <= 3,1,4500,no_markup,
340,Single Entrance Door Frame Design 1.1 upto 2m Sq Upto 3 Panels,New Frames or Complete New (PL),n/a,new_frame_qty >= 1 and (door_leaf_qty + casement_sash_qty + direct_glazed_unit_qty == 1)and frame_transom_qty == 0 and is_front_door and frame_area <= 2.0 and panel_qty + glass_unit_qty == 3,1,5000,no_markup,
350,Single Entrance Door Frame and Fanlight Design 1.2 upto 2.5m Sq and Upto 3 Panels,New Frames or Complete New (PL),n/a,new_frame_qty >= 1 and (door_leaf_qty + casement_sash_qty + direct_glazed_unit_qty == 2)and frame_transom_qty == 1 and is_front_door and frame_area <= 2.5 and panel_qty <= 3 and panel_qty + glass_unit_qty == 4,1,5500,no_markup,
360,Single Entrance Door Frame Design 1.1 upto 2m Sq 4 Panels,New Frames or Complete New (PL),n/a,new_frame_qty >= 1 and (door_leaf_qty + casement_sash_qty + direct_glazed_unit_qty == 1)and frame_transom_qty == 0 and is_front_door and frame_area <= 2.0 and panel_qty + glass_unit_qty == 4,1,6000,no_markup,
370,Single Entrance Door Frame and Fanlight Design 1.2 upto 2.5m Sq and 4 Panels,New Frames or Complete New (PL),n/a,new_frame_qty >= 1 and (door_leaf_qty + casement_sash_qty + direct_glazed_unit_qty == 2)and frame_transom_qty == 1 and is_front_door and frame_area <= 2.5 and panel_qty <= 4 and panel_qty + glass_unit_qty == 5,1,6500,no_markup,
380,Single Internal Door Frame Design 1.1 upto 2m Sq 1 Panel,New Frames or Complete New (PL),n/a,new_frame_qty >= 1 and (door_leaf_qty + casement_sash_qty + direct_glazed_unit_qty == 1)and frame_transom_qty == 0 and not is_front_door and frame_area <= 2.0 and sash_thickness <= 40 and panel_qty + glass_unit_qty == 1,1,2000,no_markup,
390,Single Internal Door Frame Design 1.1 upto 2m Sq 2 Panel,New Frames or Complete New (PL),n/a,new_frame_qty >= 1 and (door_leaf_qty + casement_sash_qty + direct_glazed_unit_qty == 1)and frame_transom_qty == 0 and not is_front_door and frame_area <= 2.0 and sash_thickness <= 40 and panel_qty + glass_unit_qty == 2,1,2250,no_markup,
400,Single Internal Door Frame Design 1.1 upto 2m Sq 4 Panel,New Frames or Complete New (PL),n/a,new_frame_qty >= 1 and (door_leaf_qty + casement_sash_qty + direct_glazed_unit_qty == 1)and frame_transom_qty == 0 and not is_front_door and frame_area <= 2.0 and sash_thickness <= 40 and panel_qty + glass_unit_qty == 4,1,2500,no_markup,
450,Additional Panels Extra per Panel,New Joinery extras (PL),door leaf,to_be_replaced and panel_qty > 4,1,500,no_markup,
302,Glazing bars- Astragal (Price Per Pane £ 4_2_glazing_bars_per_pane_astragal),New Joinery extras (PL),sash,to_be_replaced and not (is_heritage or is_individual_panes)and (visible_glass_pane_qty > 1),visible_glass_pane_qty,4_2_glazing_bars_per_pane_astragal,no_markup,
303,Square Head arched Top Rail (£4_3_arched_top_rail_square_head),New Joinery extras (PL),sash,to_be_replaced and is_square_top_with_arched_sightline and not is_curved_head_sash,1,4_3_arched_top_rail_square_head,no_markup,
304,Arched Head and Arched Top Rail (£4_3_arched_top_rail_square_head),New Joinery extras (PL),sash,to_be_replaced and is_curved_head_sash,1,4_4_arched_top_rail_and_head,no_markup,
305,Sash Horns (£4_7_horns),New Joinery extras (PL),sliding sash,to_be_replaced and has_horn,1,4_7_horns,no_markup,
306,Arched Outer Jamb Square Head -Sash Windows,New Joinery extras (PL),frame,to_be_replaced and is_sw and has_arched_outer_jamb,1,4_5_arched_outer_jamb_sash_window,no_markup,
307,to_be_replaced and has_curved_outer_head,New Joinery extras (PL),frame,to_be_replaced and has_curved_outer_head,1,4_6_arched_frame,no_markup,
401,Special Single glazed Glass Type,Glass extras (PL),glass unit,to_be_replaced and is_single_pane_special,rounded_area,single_pane_cost,no_markup,
402,External Special Glass Type,Glass extras (PL),glass unit,to_be_replaced and is_outer_pane_special,rounded_area,outer_pane_cost,no_markup,
403,Internal Special Glass Type,Glass extras (PL),glass unit,to_be_replaced and is_outer_pane_special,rounded_area,outer_pane_cost,no_markup,
450,Ironmongery - part_name,Ironmongery and Hardware (PL),ironmongery part,is_special,qty,cost,no_markup,
301,Glazing bars- Solid Price Per Pane 4_2_glazing_bars_per_pane_solid,New Joinery extras (PL),sash,to_be_replaced and (is_heritage or is_individual_panes) and (visible_glass_pane_qty > 1),visible_glass_pane_qty,4_1_glazing_bars_per_pane_solid,no_markup,
502,Sash Window Decoration Full Refurb only Not new Sashes,Installation (PL),sliding sash,needs_draughtsealing and not to_be_replaced and is_decoration_included,1,1_4_decorate_full_sashes_2,no_markup,
505,Splice repair (£1_5_splice_repair) Fitting each,Installation (PL),n/a,,splice_repair_qty,1_5_splice_repair,no_markup,
506,Resin repair (£1_6_resin_repair) Fitting each,Installation (PL),n/a,,resin_repair_qty,1_6_resin_repair,no_markup,
507,Fill repair(£1_7_fill_repair) Fitting each,Installation (PL),n/a,,fill_repair_qty,1_7_fill_repair,no_markup,
508,Glass pane replacement (£1_8_glass_pane_replacement) Fitting each,Installation (PL),n/a,,hoarg_qty,1_8_glass_pane_replacement,no_markup,
509,Cill replacement (£1_9_cill_replacement) Fitting each,Installation (PL),n/a,,new_cill_qty,1_9_cill_replacement,no_markup,
511,Fit new pair of sashes to existing Including Draught sealing (Per Pair £2_1_fit_new_sashes_to_existing),Installation (PL),sliding sash,to_be_replaced and (is_opening or is_fixed) and not is_complete_new,1,2_1_fit_new_sashes_to_existing_2,no_markup,
512,Decoration Frame with New Sashes (Part),Installation (PL),sliding sash,to_be_replaced and is_decoration_included,1,1_3_decorate_part_sashes_2,no_markup,
513,Install New Single Sash Window,Installation (PL),frame,to_be_replaced and is_sw and frame_mullion_qty == 0,1,2_2_install_complete_new_single__sash_window,no_markup,
514,Install New Double Sash Window,Installation (PL),frame,to_be_replaced and is_sw and frame_mullion_qty == 1,1,2_3_install_complete_new_double__sash_window,no_markup,
515,Install New Triple Sash Window,Installation (PL),frame,to_be_replaced and is_sw and frame_mullion_qty == 2,1,2_4_install_complete_new_triple__sash_window,no_markup,
517,Fit New architraves and windowboard,Installation (PL),n/a,new_frame_qty > 0 and has_architrave and is_installation_included,new_frame_qty,2_5_fit_architraves_and__bullnose,no_markup,
518,Fit liners,Installation (PL),n/a,new_frame_qty > 0 and has_lining and is_installation_included,new_frame_qty,2_6_fit_liners,no_markup,
520,Draught sealing Casement Window,Installation (PL),casement sash,needs_draughtsealing and not to_be_replaced and (is_opening or is_fixed),1,1_2_draught_seal_casement,no_markup,
521,Decorate Casement Window,Installation (PL),casement sash,is_decoration_included and not to_be_replaced and (is_opening or is_fixed),1,1_41_decorate_full_casement,no_markup,
522,Casement Decoration Part Refurb (Replacement),Installation (PL),casement sash,is_decoration_included and to_be_replaced and (is_opening or is_fixed),1,1_42_decorate_part_casement,no_markup,
523,Fit Casement to existing,Installation (PL),casement sash,needs_draughtsealing and to_be_replaced and (is_opening or is_fixed),1,2_12_fit_new_casement_to_existing,no_markup,
524,Fit Casement Window Complete,Installation (PL),frame,to_be_replaced and casement_sash_qty > 0,1,2_11_fit_new_casement_window,no_markup,
525,Fit Casement Window Complete New Openers,Installation (PL),frame,new_opening_casement_sash_qty,1,2_7_fit_casement_opener,no_markup,
601,Poa Additional Prices,POA,drawing poa,,1,1,no_markup