panelPart,internalPanelTypeId,0
panelPart,internalPanelBeadId,0
panelPart,externalPanelTypeId,0
panelPart,externalPanelBeadId,0
panelPart,verticalGrooveThickness,1
panelPart,verticalGrooveDistance,1
panelPart,horizontalGrooveThickness,1
panelPart,horizontalGrooveDistance,1
panelPart,createVisionPanel,0
panelPart,archHeight,0
panelPart,archHead,0
panelPart,halfCircle,0
panelPart,shoulderHeight,0
panelPart,archRadius,0
panelPart,isFrameLevelArch,0
panelPart,curvedFrameHead,0
panelPart,topHeight,1
panelPart,bottomHeight,1
panelPart,bottomHeightExternal,1
panelPart,thickness,1
panelPart,btmRailShapeId,1
panelPart,constantSideOnHeightCalculation,1
panelPart,steppedBottomRailOverlap,1
panelPart,chamferedBottomRailAngle,1
panelPart,trickleVentInFrameAtSashCentrePartNo,1
glassPart,dguWidth,1
glassPart,dguHeight,1
glassPart,hackOut,1
glassPart,singleGlassPartNo,0
glassPart,singleGlassOptions,0
glassPart,internalGlassPartNo,0
glassPart,internalGlassOptions,0
glassPart,middleGlassPartNo,3
glassPart,middleGlassOptions,3
glassPart,externalGlassPartNo,0
glassPart,externalGlassOptions,0
glassPart,glazingId,0
glassPart,isIndividualPanes,0
glassPart,spacerDimId,0
glassPart,heritageSpacerDimId,0
glassPart,spacerColourId,0
glassPart,heritageSpacerColourId,0
glassPart,gasFillId,0
glassPart,innerSpacerDimId,3
glassPart,innerHeritageSpacerDimId,3
glassPart,innerHeritageSpacerColourId,3
glassPart,innerGasFillId,3
glassPart,outerSpacerDimId,3
glassPart,outerHeritageSpacerDimId,3
glassPart,outerHeritageSpacerColourId,3
glassPart,outerGasFillId,3
glassPart,glassFixId,1
glassPart,glazingBeadFixId,1
glassPart,dgMouldingCutterId,3
glassPart,sgMouldingCutterId,3
glassPart,manualShoulderDim,3
glassPart,measurementTypeId,1
glassPart,partialGB,0
glassPart,specialGlassDetails,3
glassPart,encapsulatedLeadedLight,3
glassPart,archHeight,0
glassPart,archHead,0
glassPart,halfCircle,0
glassPart,shoulderHeight,0
glassPart,archRadius,0
glassPart,isFrameLevelArch,0
glassPart,curvedFrameHead,0
glassPart,topHeight,1
glassPart,bottomHeight,1
glassPart,bottomHeightExternal,1
glassPart,thickness,1
glassPart,btmRailShapeId,1
glassPart,constantSideOnHeightCalculation,1
glassPart,steppedBottomRailOverlap,1
glassPart,chamferedBottomRailAngle,1
glassPart,glazingTolerance,1
glassPart,glazingRebateWidth,1
glassPart,railGlazingTolerance,1
glassPart,railGlazingRebateWidth,1
glassPart,toBeReplaced,1
glassPart,trickleVentInFrameAtSashCentrePartNo,1
visionPanelGlassPart,width,0
visionPanelGlassPart,height,0
visionPanelGlassPart,hackOut,1
visionPanelGlassPart,singleGlassPartNo,0
visionPanelGlassPart,singleGlassOptions,0
visionPanelGlassPart,internalGlassPartNo,0
visionPanelGlassPart,internalGlassOptions,0
visionPanelGlassPart,middleGlassPartNo,3
visionPanelGlassPart,middleGlassOptions,3
visionPanelGlassPart,externalGlassPartNo,0
visionPanelGlassPart,externalGlassOptions,0
visionPanelGlassPart,glazingId,0
visionPanelGlassPart,isIndividualPanes,0
visionPanelGlassPart,heritageSpacerDimId,0
visionPanelGlassPart,spacerColourId,0
visionPanelGlassPart,heritageSpacerColourId,0
visionPanelGlassPart,gasFillId,0
visionPanelGlassPart,innerSpacerDimId,3
visionPanelGlassPart,innerHeritageSpacerDimId,3
visionPanelGlassPart,innerHeritageSpacerColourId,3
visionPanelGlassPart,innerGasFillId,3
visionPanelGlassPart,outerSpacerDimId,3
visionPanelGlassPart,outerHeritageSpacerDimId,3
visionPanelGlassPart,outerHeritageSpacerColourId,3
visionPanelGlassPart,outerGasFillId,3
visionPanelGlassPart,glazingBeadFixId,1
visionPanelGlassPart,measurementTypeId,1
visionPanelGlassPart,manualWidth,1
visionPanelGlassPart,manualHeight,1
visionPanelGlassPart,specialGlassDetails,3
visionPanelGlassPart,encapsulatedLeadedLight,3
visionPanelGlassPart,constantSideOnHeightCalculation,1
visionPanelGlassPart,offsetX,0
visionPanelGlassPart,offsetX2,0
visionPanelGlassPart,offsetY,0
visionPanelGlassPart,offsetY2,0
visionPanelGlassPart,InternalBeadThickness,1
visionPanelGlassPart,externalBeadThickness,1
visionPanelGlassPart,glassBeadOverlap,1
visionPanelGlassPart,isCentredHorizontally,0
visionPanelGlassPart,isCentredVertically,0
notesPart,installationMethodId,1
notesPart,fireEgressId,1
notesPart,internalHazardId,1
notesPart,internalAccessId,1
notesPart,landingAccessId,1
notesPart,externalAccessId,1
notesPart,hazardBelowId,1
notesPart,cableAlarmId,1
notesPart,dormerIssuesId,3
notesPart,sowNotes,0
notesPart,installationNotes,1
notesPart,productionNotes,1
notesPart,drawingLabel,0
notesPart,templateGroup,0
pricePart,poa,0
pricePart,manualPriceLowVat,0
pricePart,manualPriceDefaultVat,0
pricePart,freeItem,3
cillPart,depth,1
cillPart,height,1
cillPart,cillMaterialId,0
cillPart,heightFinished,1
cillPart,cillBackDepth,1
cillPart,cillShape,1
paintAndIronmongeryPart,internalFinish,0
paintAndIronmongeryPart,externalFinish,0
paintAndIronmongeryPart,cillFinish,0
paintAndIronmongeryPart,specialIronmongery,1
paintAndIronmongeryPart,useLegacyComponents,1
paintAndIronmongeryPart,isPAS24,3
paintAndIronmongeryPart,isFrontDoor,0
paintAndIronmongeryPart,isDoorMpls,0
paintAndIronmongeryPart,isKeyWindLock,1
paintAndIronmongeryPart,isCasementMpls,0
paintAndIronmongeryPart,cementRepairMetre,3
paintAndIronmongeryPart,puttyRepairMetre,3
paintAndIronmongeryPart,existingSurroundTypeId,3
paintAndIronmongeryPart,existingSurroundActionId,3
paintAndIronmongeryPart,cutBackPlaster,3
paintAndIronmongeryPart,cutOutBrickReveal,3
paintAndIronmongeryPart,hasSeparateAMS,3
paintAndIronmongeryPart,surroundComponentWidthValue,1
paintAndIronmongeryPart,splayedLining,0
paintAndIronmongeryPart,pointingMethod,1
drawingItemPart,surveyorId,3
drawingItemPart,drawingStatusId,1
drawingItemPart,frameMaterialId,0
drawingItemPart,cillMaterialId,0
drawingItemPart,sashMaterialId,0
drawingItemPart,isDocL,3
drawingItemPart,mouldingTypeId,1
drawingItemPart,staffBeadTypeId,3
drawingItemPart,partingBeadTypeId,3
drawingItemPart,sheetQty,3
drawingItemPart,noWork,3
drawingItemPart,decoration,0
drawingItemPart,draughtseal,0
drawingItemPart,biGlass,3
drawingItemPart,newSashes,0
drawingItemPart,reActivate,3
drawingItemPart,newFrame,0
drawingItemPart,installByUs,0
drawingItemPart,deliveryByUs,0
drawingItemPart,fitToPreparedOpening,3
drawingItemPart,kitForm,3
drawingItemPart,glazeOnSite,3
drawingItemPart,surveyByUs,3
drawingItemPart,methodOfDsId,0
drawingItemPart,noWorkToFixedAspect,3
drawingItemPart,range,0
drawingItemPart,updateRangeValues,0
drawingItemPart,decorationLevel,3
drawingItemPart,installationLevel,3
drawingItemPart,materialId,0
drawingItemPart,cadDrawingRequired,3
drawingItemPart,isSecondaryGlazing,3
drawingItemPart,includeClearance,1
drawingItemPart,timberCertificate,3
assemblyFramePart,width,0
assemblyFramePart,height,0
assemblyFramePart,topHeight,1
assemblyFramePart,leftWidth,1
assemblyFramePart,rightWidth,1
assemblyFramePart,bottomHeight,1
assemblyFramePart,frameDepth,1
assemblyFramePart,cillDepth,1
assemblyFramePart,cillBackDepth,1
assemblyFramePart,cillHornLengthLeft,1
assemblyFramePart,cillHornLengthRight,1
assemblyFramePart,outerJambShapeId,1
assemblyFramePart,frameStopId,1
assemblyFramePart,frameGasketColourId,0
assemblyFramePart,cillStopId,1
assemblyFramePart,intFramePlantOn,1
assemblyFramePart,extFramePlantOn,1
assemblyFramePart,leftJambPlantOn,1
assemblyFramePart,rightJambPlantOn,1
assemblyFramePart,repair,0
assemblyFramePart,needWindowboardGroove,1
assemblyFramePart,needInternalLiningGroove,1
assemblyFramePart,needExternalLiningGroove,1
assemblyFramePart,frameHeadStopSize,1
assemblyFramePart,frameStileStopSize,1
assemblyFramePart,cillStopSize,1
assemblyFramePart,topHeightFinished,1
assemblyFramePart,bottomHeightFinished,1
assemblyFramePart,leftWidthFinished,1
assemblyFramePart,rightWidthFinished,1
assemblyFramePart,jambType,1
assemblyFramePart,leftOuterJambExtension,1
assemblyFramePart,rightOuterJambExtension,1
assemblyFramePart,rakedFrame,0
assemblyFramePart,rakeThicknessToMatchHead,1
assemblyFramePart,frameLevelArchHead,0
assemblyFramePart,trickleVentInFrameCentrePartNo,1
assemblyFramePart,trickleVentInFrameLeftPartNo,1
assemblyFramePart,trickleVentInFrameRightPartNo,1
assemblyFramePart,hasHeadDrip,0
assemblyFramePart,flagWidth,0
mullionPart,offset,0
mullionPart,offset2,0
mullionPart,muntinStopSize,1
mullionPart,thicknessInFrame,1
mullionPart,thicknessInSash,1
mullionPart,thicknessInFrameFinished,1
mullionPart,repair,0
transomPart,offset,0
transomPart,offset2,0
transomPart,muntinStopSize,1
transomPart,topTransomShape,1
transomPart,bottomTransomShape,1
transomPart,thicknessInFrame,1
transomPart,thicknessInSash,1
transomPart,thicknessInFrameFinished,1
transomPart,isMidrail,0
transomPart,repair,0
transomPart,trickleVentInTransomCentrePartNo,1
verticalGlazingBarPart,offset,0
verticalGlazingBarPart,offset2,0
verticalGlazingBarPart,thickness,0
verticalGlazingBarPart,nib,3
verticalGlazingBarPart,tail,3
verticalGlazingBarPart,linkTailToNib,3
horizontalGlazingBarPart,offset,0
horizontalGlazingBarPart,offset2,0
horizontalGlazingBarPart,thickness,0
horizontalGlazingBarPart,nib,3
horizontalGlazingBarPart,tail,3
horizontalGlazingBarPart,linkTailToNib,3
glassPanePart,width,1
glassPanePart,height,1
glassPanePart,hackOut,0
glassPanePart,measurementTypeId,1
glassPanePart,manualWidth,1
glassPanePart,manualHeight,1
casementSashPart,mechanicalClearanceLeft,1
casementSashPart,mechanicalClearanceRight,1
casementSashPart,mechanicalClearanceTop,1
casementSashPart,mechanicalClearanceBottom,1
casementSashPart,width,0
casementSashPart,height,0
casementSashPart,topHeight,1
casementSashPart,leftWidth,1
casementSashPart,rightWidth,1
casementSashPart,bottomHeight,1
casementSashPart,archHeight,0
casementSashPart,archHead,0
casementSashPart,halfCircle,0
casementSashPart,shoulderHeight,0
casementSashPart,archRadius,0
casementSashPart,isFrameLevelArch,0
casementSashPart,archedOuterJamb,1
casementSashPart,curvedSashHead,0
casementSashPart,curvedFrameHead,0
casementSashPart,operationId,0
casementSashPart,toBeReplaced,0
casementSashPart,repair,0
casementSashPart,specialJoineryDetails,3
casementSashPart,specialGlassDetails,3
casementSashPart,trickleVentInSashCentrePartNo,1
casementSashPart,trickleVentInFrameAtSashCentrePartNo,1
casementSashPart,sashHeightExt,0
casementSashPart,bottomHeightExternal,1
casementSashPart,thickness,1
casementSashPart,typeId,0
casementSashPart,btmRailShapeId,1
casementSashPart,constantSideOnHeightCalculation,1
casementSashPart,stormProofOverlap,1
casementSashPart,stormProofLipThickness,1
casementSashPart,tiltAndTurnLipThickness,1
casementSashPart,tiltAndTurnOverlap,1
casementSashPart,steppedBottomRailOverlap,1
casementSashPart,chamferedBottomRailAngle,1
casementSashPart,hornLength,3
casementSashPart,hornTypeShortName,3
biFoldDoorPart,mechanicalClearanceLeft,1
biFoldDoorPart,mechanicalClearanceRight,1
biFoldDoorPart,mechanicalClearanceTop,1
biFoldDoorPart,mechanicalClearanceBottom,1
biFoldDoorPart,sashWidth,0
biFoldDoorPart,sashHeight,0
biFoldDoorPart,sashHeightExt,0
biFoldDoorPart,thickness,1
biFoldDoorPart,midRail,1
biFoldDoorPart,typeId,0
biFoldDoorPart,mechanicalClearanceBetween,1
biFoldDoorPart,gapBetweenMeetingStiles,1
biFoldDoorPart,meetingStileOverlap,0
slidingDoorPart,sashHeightExt,1
slidingDoorPart,width,0
slidingDoorPart,height,0
slidingDoorPart,thickness,1
slidingDoorPart,midRail,1
slidingDoorPart,typeId,0
slidingDoorPart,operationId,0
slidingDoorPart,isSlidingDoorPart,1
yorkshireSashPart,sashHeightExt,1
yorkshireSashPart,width,0
yorkshireSashPart,height,0
yorkshireSashPart,thickness,1
yorkshireSashPart,midRail,1
yorkshireSashPart,midRailTypeId,1
yorkshireSashPart,operationId,0
containerPart,bayTypeId,0
containerPart,isBayPoleRequired,0
containerPart,partSpacing,0
containerPart,angle,0
containerPart,isCoupledInTheFactory,3
containerPart,hasContinousSubCill,3
containerPart,isCornerpostRequired,3
frenchCasementPart,mechanicalClearanceLeft,1
frenchCasementPart,mechanicalClearanceRight,1
frenchCasementPart,mechanicalClearanceTop,1
frenchCasementPart,mechanicalClearanceBottom,1
frenchCasementPart,sashHeightExt,1
frenchCasementPart,width,0
frenchCasementPart,height,0
frenchCasementPart,thickness,1
frenchCasementPart,midRail,1
frenchCasementPart,typeId,0
frenchCasementPart,gapBetweenMeetingStiles,1
frenchCasementPart,meetingStileOverlap,1
frenchCasementPart,sashSplitId,0
frenchCasementPart,hasFloatingMullion,0
frenchCasementPart,mullionThickness,1
frenchCasementPart,mullionStopSizeMaster,1
frenchCasementPart,mullionStopSizeSlave,1
frenchCasementPart,mullionThicknessFinished,1
frenchCasementPart,overallMeetingStileWithFloatingMullion,1
floatingTransomCasementPart,mechanicalClearanceLeft,1
floatingTransomCasementPart,mechanicalClearanceRight,1
floatingTransomCasementPart,mechanicalClearanceTop,1
floatingTransomCasementPart,mechanicalClearanceBottom,1
floatingTransomCasementPart,sashWidth,0
floatingTransomCasementPart,sashHeight,0
floatingTransomCasementPart,thickness,1
floatingTransomCasementPart,midRail,1
floatingTransomCasementPart,gapBetweenMeetingStiles,1
floatingTransomCasementPart,meetingStileOverlap,1
floatingTransomCasementPart,typeId,0
floatingTransomCasementPart,sashSplitId,0
floatingTransomCasementPart,slopeDepth,1
floatingTransomCasementPart,slopeAngle,1
floatingTransomCasementPart,mockSash,0
frenchDoorPart,mechanicalClearanceLeft,1
frenchDoorPart,mechanicalClearanceRight,1
frenchDoorPart,mechanicalClearanceTop,1
frenchDoorPart,mechanicalClearanceBottom,1
frenchDoorPart,sashHeightExt,1
frenchDoorPart,width,0
frenchDoorPart,height,0
frenchDoorPart,thickness,1
frenchDoorPart,midRail,1
frenchDoorPart,typeId,0
frenchDoorPart,gapBetweenMeetingStiles,1
frenchDoorPart,meetingStileOverlap,1
frenchDoorPart,sashSplitId,0
frenchDoorPart,hasFloatingMullion,1
frenchDoorPart,mullionThickness,1
frenchDoorPart,mullionStopSizeMaster,1
frenchDoorPart,mullionStopSizeSlave,1
frenchDoorPart,mullionThicknessFinished,1
frenchDoorPart,overallMeetingStileWithFloatingMullion,1
stableDoorPart,mechanicalClearanceLeft,1
stableDoorPart,mechanicalClearanceRight,1
stableDoorPart,mechanicalClearanceTop,1
stableDoorPart,mechanicalClearanceBottom,1
stableDoorPart,sashHeightExt,1
stableDoorPart,width,0
stableDoorPart,height,0
stableDoorPart,thickness,1
stableDoorPart,midRail,1
stableDoorPart,typeId,0
stableDoorPart,gapBetweenMeetingStiles,1
stableDoorPart,meetingStileOverlap,1
stableDoorPart,sashSplitId,0
stableDoorPart,slopeDepth,1
stableDoorPart,slopeAngle,1
sashPairPart,sashHeightExt,1
sashPairPart,width,0
sashPairPart,height,0
sashPairPart,sashSplitId,0
sashPairPart,midRail,1
sashPairPart,midRailTypeId,1
sashPairPart,thickness,1
sashPairPart,midrailThickness,1
sashPairPart,topHornLength,0
sashPairPart,topHornTypeShortName,0
sashPairPart,bottomHornLength,0
sashPairPart,bottomHornTypeShortName,0
sashPairPart,operationId,0
sashPairPart,defaultSpiralFrameDepth,1
sashPairPart,defaultCordFrameDepth,1
sashPairPart,defaultSpiralFrameHead,1
sashPairPart,defaultCordFrameHead,1
sashPairPart,defaultSpiralFrameJamb,1
sashPairPart,defaultSpiralFrameJambType,1
sashPairPart,defaultCordFrameJamb,1
sashPairPart,defaultCordFrameJambType,1
sashPairPart,defaultSpiralCillHeight,1
sashPairPart,defaultCordCillHeight,1
sashPairPart,defaultSpiralCillDepth,1
sashPairPart,defaultCordCillDepth,1
sashPairPart,updateFrameDetailsOnOperationChange,0
doorLeafPart,mechanicalClearanceLeft,1
doorLeafPart,mechanicalClearanceRight,1
doorLeafPart,mechanicalClearanceTop,1
doorLeafPart,mechanicalClearanceBottom,1
doorLeafPart,width,0
doorLeafPart,height,0
doorLeafPart,topHeight,1
doorLeafPart,leftWidth,1
doorLeafPart,rightWidth,1
doorLeafPart,bottomHeight,1
doorLeafPart,archHeight,0
doorLeafPart,archHead,0
doorLeafPart,halfCircle,0
doorLeafPart,shoulderHeight,0
doorLeafPart,archRadius,0
doorLeafPart,isFrameLevelArch,0
doorLeafPart,archedOuterJamb,0
doorLeafPart,curvedSashHead,0
doorLeafPart,curvedFrameHead,0
doorLeafPart,operationId,0
doorLeafPart,towDsId,1
doorLeafPart,towBg,1
doorLeafPart,toBeReplaced,0
doorLeafPart,repair,0
doorLeafPart,specialJoineryDetails,3
doorLeafPart,specialGlassDetails,3
doorLeafPart,trickleVentInSashCentrePartNo,1
doorLeafPart,trickleVentInFrameAtSashCentrePartNo,1
doorLeafPart,sashHeightExt,1
doorLeafPart,bottomHeightExternal,1
doorLeafPart,thickness,1
doorLeafPart,typeId,0
doorLeafPart,btmRailShapeId,1
doorLeafPart,constantSideOnHeightCalculation,1
doorLeafPart,steppedBottomRailOverlap,1
doorLeafPart,chamferedBottomRailAngle,1
doorLeafPart,allowOpen,0
doorLeafPart,isMasterLeaf,0
topSashPart,width,0
topSashPart,height,0
topSashPart,topHeight,1
topSashPart,leftWidth,1
topSashPart,rightWidth,1
topSashPart,bottomHeight,1
topSashPart,archHeight,0
topSashPart,archHead,0
topSashPart,halfCircle,0
topSashPart,shoulderHeight,0
topSashPart,archRadius,0
topSashPart,isFrameLevelArch,0
topSashPart,archedOuterJamb,0
topSashPart,curvedSashHead,0
topSashPart,curvedFrameHead,0
topSashPart,operationId,0
topSashPart,towDsId,1
topSashPart,towBg,1
topSashPart,toBeReplaced,0
topSashPart,repair,0
topSashPart,specialJoineryDetails,3
topSashPart,specialGlassDetails,3
topSashPart,trickleVentInSashCentrePartNo,1
topSashPart,trickleVentInFrameAtSashCentrePartNo,1
topSashPart,isVerticalSlidingSashPart,0
topSashPart,angledTopRailId,3
topSashPart,angledTopRailHeightReduction,3
openingHorizontalSlidingSashPart,topHeight,1
openingHorizontalSlidingSashPart,leftWidth,1
openingHorizontalSlidingSashPart,rightWidth,1
openingHorizontalSlidingSashPart,bottomHeight,1
openingHorizontalSlidingSashPart,toBeReplaced,0
openingHorizontalSlidingSashPart,specialJoineryDetails,3
openingHorizontalSlidingSashPart,specialGlassDetails,3
openingHorizontalSlidingSashPart,trickleVentInSashCentrePartNo,1
openingHorizontalSlidingSashPart,trickleVentInFrameAtSashCentrePartNo,1
openingHorizontalSlidingSashPart,bottomHeightExternal,1
openingHorizontalSlidingSashPart,btmRailShapeId,1
openingHorizontalSlidingSashPart,constantSideOnHeightCalculation,1
openingHorizontalSlidingSashPart,steppedBottomRailOverlap,1
openingHorizontalSlidingSashPart,chamferedBottomRailAngle,1
bottomSashPart,width,0
bottomSashPart,height,0
bottomSashPart,topHeight,1
bottomSashPart,leftWidth,1
bottomSashPart,rightWidth,1
bottomSashPart,bottomHeight,1
bottomSashPart,archHeight,0
bottomSashPart,archHead,0
bottomSashPart,halfCircle,0
bottomSashPart,shoulderHeight,0
bottomSashPart,archRadius,0
bottomSashPart,isFrameLevelArch,0
bottomSashPart,archedOuterJamb,0
bottomSashPart,curvedSashHead,0
bottomSashPart,curvedFrameHead,0
bottomSashPart,operationId,0
bottomSashPart,towDsId,1
bottomSashPart,towBg,1
bottomSashPart,toBeReplaced,0
bottomSashPart,repair,0
bottomSashPart,specialJoineryDetails,3
bottomSashPart,specialGlassDetails,3
bottomSashPart,isVerticalSlidingSashPart,0
bottomSashPart,bottomHeightExternal,1
bottomSashPart,btmRailShapeId,1
bottomSashPart,constantSideOnHeightCalculation,1
bottomSashPart,steppedBottomRailOverlap,1
bottomSashPart,chamferedBottomRailAngle,1
bottomSashPart,angledBottomRailId,3
bottomSashPart,angledBottomRailHeightReduction,3
fixedHorizontalSlidingSashPart,topHeight,0
fixedHorizontalSlidingSashPart,leftWidth,0
fixedHorizontalSlidingSashPart,rightWidth,1
fixedHorizontalSlidingSashPart,bottomHeight,1
fixedHorizontalSlidingSashPart,toBeReplaced,0
fixedHorizontalSlidingSashPart,specialJoineryDetails,3
fixedHorizontalSlidingSashPart,specialGlassDetails,3
fixedHorizontalSlidingSashPart,trickleVentInSashCentrePartNo,1
fixedHorizontalSlidingSashPart,trickleVentInFrameAtSashCentrePartNo,1
fixedHorizontalSlidingSashPart,bottomHeightExternal,1
fixedHorizontalSlidingSashPart,btmRailShapeId,1
fixedHorizontalSlidingSashPart,constantSideOnHeightCalculation,1
fixedHorizontalSlidingSashPart,steppedBottomRailOverlap,1
fixedHorizontalSlidingSashPart,chamferedBottomRailAngle,1
rightFrenchCasementSashPart,width,0
rightFrenchCasementSashPart,height,0
rightFrenchCasementSashPart,topHeight,1
rightFrenchCasementSashPart,leftWidth,1
rightFrenchCasementSashPart,rightWidth,1
rightFrenchCasementSashPart,bottomHeight,1
rightFrenchCasementSashPart,bottomHeight,1
rightFrenchCasementSashPart,archHeight,0
rightFrenchCasementSashPart,archHead,0
rightFrenchCasementSashPart,halfCircle,0
rightFrenchCasementSashPart,shoulderHeight,0
rightFrenchCasementSashPart,archRadius,0
rightFrenchCasementSashPart,isFrameLevelArch,0
rightFrenchCasementSashPart,archedOuterJamb,0
rightFrenchCasementSashPart,curvedSashHead,0
rightFrenchCasementSashPart,curvedFrameHead,0
rightFrenchCasementSashPart,operationId,0
rightFrenchCasementSashPart,towDsId,1
rightFrenchCasementSashPart,towBg,1
rightFrenchCasementSashPart,toBeReplaced,0
rightFrenchCasementSashPart,repair,0
rightFrenchCasementSashPart,specialJoineryDetails,3
rightFrenchCasementSashPart,specialGlassDetails,3
rightFrenchCasementSashPart,trickleVentInSashCentrePartNo,1
rightFrenchCasementSashPart,trickleVentInFrameAtSashCentrePartNo,1
rightFrenchCasementSashPart,bottomHeightExternal,1
rightFrenchCasementSashPart,thickness,1
rightFrenchCasementSashPart,typeId,0
rightFrenchCasementSashPart,btmRailShapeId,1
rightFrenchCasementSashPart,constantSideOnHeightCalculation,1
rightFrenchCasementSashPart,stormProofOverlap,1
rightFrenchCasementSashPart,stormProofLipThickness,1
rightFrenchCasementSashPart,tiltAndTurnLipThickness,1
rightFrenchCasementSashPart,tiltAndTurnOverlap,1
rightFrenchCasementSashPart,steppedBottomRailOverlap,1
rightFrenchCasementSashPart,chamferedBottomRailAngle,1
rightFrenchCasementSashPart,hornLength,1
rightFrenchCasementSashPart,hornTypeShortName,1
rightFrenchCasementSashPart,isMasterLeaf,0
leftFrenchCasementSashPart,width,0
leftFrenchCasementSashPart,height,0
leftFrenchCasementSashPart,topHeight,1
leftFrenchCasementSashPart,leftWidth,1
leftFrenchCasementSashPart,rightWidth,1
leftFrenchCasementSashPart,bottomHeight,1
leftFrenchCasementSashPart,bottomHeight,1
leftFrenchCasementSashPart,archHeight,0
leftFrenchCasementSashPart,archHead,0
leftFrenchCasementSashPart,halfCircle,0
leftFrenchCasementSashPart,shoulderHeight,0
leftFrenchCasementSashPart,archRadius,0
leftFrenchCasementSashPart,isFrameLevelArch,0
leftFrenchCasementSashPart,archedOuterJamb,0
leftFrenchCasementSashPart,curvedSashHead,0
leftFrenchCasementSashPart,curvedFrameHead,0
leftFrenchCasementSashPart,operationId,0
leftFrenchCasementSashPart,towDsId,1
leftFrenchCasementSashPart,towBg,1
leftFrenchCasementSashPart,toBeReplaced,0
leftFrenchCasementSashPart,repair,0
leftFrenchCasementSashPart,specialJoineryDetails,3
leftFrenchCasementSashPart,specialGlassDetails,3
leftFrenchCasementSashPart,trickleVentInSashCentrePartNo,1
leftFrenchCasementSashPart,trickleVentInFrameAtSashCentrePartNo,1
leftFrenchCasementSashPart,bottomHeightExternal,1
leftFrenchCasementSashPart,thickness,1
leftFrenchCasementSashPart,typeId,0
leftFrenchCasementSashPart,btmRailShapeId,1
leftFrenchCasementSashPart,constantSideOnHeightCalculation,1
leftFrenchCasementSashPart,stormProofOverlap,1
leftFrenchCasementSashPart,stormProofLipThickness,1
leftFrenchCasementSashPart,tiltAndTurnLipThickness,1
leftFrenchCasementSashPart,tiltAndTurnOverlap,1
leftFrenchCasementSashPart,steppedBottomRailOverlap,1
leftFrenchCasementSashPart,chamferedBottomRailAngle,1
leftFrenchCasementSashPart,hornLength,1
leftFrenchCasementSashPart,hornTypeShortName,1
leftFrenchCasementSashPart,isMasterLeaf,0
topFloatingTransomCasementSashPart,width,0
topFloatingTransomCasementSashPart,height,0
topFloatingTransomCasementSashPart,topHeight,1
topFloatingTransomCasementSashPart,leftWidth,1
topFloatingTransomCasementSashPart,rightWidth,1
topFloatingTransomCasementSashPart,bottomHeight,1
topFloatingTransomCasementSashPart,archHeight,0
topFloatingTransomCasementSashPart,archHead,0
topFloatingTransomCasementSashPart,halfCircle,0
topFloatingTransomCasementSashPart,shoulderHeight,0
topFloatingTransomCasementSashPart,archRadius,0
topFloatingTransomCasementSashPart,isFrameLevelArch,0
topFloatingTransomCasementSashPart,archedOuterJamb,0
topFloatingTransomCasementSashPart,curvedSashHead,0
topFloatingTransomCasementSashPart,curvedFrameHead,0
topFloatingTransomCasementSashPart,operationId,0
topFloatingTransomCasementSashPart,towDsId,1
topFloatingTransomCasementSashPart,towBg,1
topFloatingTransomCasementSashPart,toBeReplaced,0
topFloatingTransomCasementSashPart,repair,1
topFloatingTransomCasementSashPart,specialJoineryDetails,3
topFloatingTransomCasementSashPart,specialGlassDetails,3
topFloatingTransomCasementSashPart,trickleVentInSashCentrePartNo,1
topFloatingTransomCasementSashPart,trickleVentInFrameAtSashCentrePartNo,1
topFloatingTransomCasementSashPart,bottomHeightExternal,1
topFloatingTransomCasementSashPart,thickness,1
topFloatingTransomCasementSashPart,typeId,0
topFloatingTransomCasementSashPart,btmRailShapeId,1
topFloatingTransomCasementSashPart,constantSideOnHeightCalculation,1
topFloatingTransomCasementSashPart,stormProofOverlap,1
topFloatingTransomCasementSashPart,stormProofLipThickness,1
topFloatingTransomCasementSashPart,tiltAndTurnLipThickness,1
topFloatingTransomCasementSashPart,tiltAndTurnOverlap,1
topFloatingTransomCasementSashPart,isMasterLeaf,0
leftFrenchDoorLeafPart,width,0
leftFrenchDoorLeafPart,height,0
leftFrenchDoorLeafPart,topHeight,1
leftFrenchDoorLeafPart,leftWidth,1
leftFrenchDoorLeafPart,rightWidth,1
leftFrenchDoorLeafPart,bottomHeight,1
leftFrenchDoorLeafPart,bottomHeight,1
leftFrenchDoorLeafPart,archHeight,0
leftFrenchDoorLeafPart,archHead,0
leftFrenchDoorLeafPart,halfCircle,0
leftFrenchDoorLeafPart,shoulderHeight,0
leftFrenchDoorLeafPart,archRadius,0
leftFrenchDoorLeafPart,isFrameLevelArch,0
leftFrenchDoorLeafPart,archedOuterJamb,0
leftFrenchDoorLeafPart,curvedSashHead,0
leftFrenchDoorLeafPart,curvedFrameHead,0
leftFrenchDoorLeafPart,operationId,0
leftFrenchDoorLeafPart,towDsId,1
leftFrenchDoorLeafPart,towBg,1
leftFrenchDoorLeafPart,toBeReplaced,0
leftFrenchDoorLeafPart,repair,0
leftFrenchDoorLeafPart,specialJoineryDetails,3
leftFrenchDoorLeafPart,specialGlassDetails,3
leftFrenchDoorLeafPart,trickleVentInSashCentrePartNo,1
leftFrenchDoorLeafPart,trickleVentInFrameAtSashCentrePartNo,1
leftFrenchDoorLeafPart,bottomHeightExternal,1
leftFrenchDoorLeafPart,thickness,1
leftFrenchDoorLeafPart,typeId,0
leftFrenchDoorLeafPart,btmRailShapeId,1
leftFrenchDoorLeafPart,constantSideOnHeightCalculation,1
leftFrenchDoorLeafPart,steppedBottomRailOverlap,1
leftFrenchDoorLeafPart,chamferedBottomRailAngle,1
leftFrenchDoorLeafPart,allowOpen,0
leftFrenchDoorLeafPart,isMasterLeaf,0
topStableDoorLeafPart,width,0
topStableDoorLeafPart,height,0
topStableDoorLeafPart,topHeight,1
topStableDoorLeafPart,leftWidth,1
topStableDoorLeafPart,rightWidth,1
topStableDoorLeafPart,bottomHeight,1
topStableDoorLeafPart,archHeight,0
topStableDoorLeafPart,archHead,0
topStableDoorLeafPart,halfCircle,0
topStableDoorLeafPart,shoulderHeight,0
topStableDoorLeafPart,archRadius,0
topStableDoorLeafPart,isFrameLevelArch,0
topStableDoorLeafPart,archedOuterJamb,0
topStableDoorLeafPart,curvedSashHead,0
topStableDoorLeafPart,curvedFrameHead,0
topStableDoorLeafPart,operationId,0
topStableDoorLeafPart,towDsId,1
topStableDoorLeafPart,towBg,1
topStableDoorLeafPart,toBeReplaced,0
topStableDoorLeafPart,repair,0
topStableDoorLeafPart,specialJoineryDetails,3
topStableDoorLeafPart,specialGlassDetails,3
topStableDoorLeafPart,trickleVentInSashCentrePartNo,1
topStableDoorLeafPart,trickleVentInFrameAtSashCentrePartNo,1
topStableDoorLeafPart,bottomHeightExternal,1
topStableDoorLeafPart,thickness,1
topStableDoorLeafPart,typeId,0
topStableDoorLeafPart,btmRailShapeId,1
topStableDoorLeafPart,constantSideOnHeightCalculation,1
topStableDoorLeafPart,allowOpen,0
topStableDoorLeafPart,isMasterLeaf,0
rightFrenchDoorLeafPart,width,0
rightFrenchDoorLeafPart,height,0
rightFrenchDoorLeafPart,topHeight,1
rightFrenchDoorLeafPart,leftWidth,1
rightFrenchDoorLeafPart,rightWidth,1
rightFrenchDoorLeafPart,bottomHeight,1
rightFrenchDoorLeafPart,bottomHeight,1
rightFrenchDoorLeafPart,archHeight,0
rightFrenchDoorLeafPart,archHead,0
rightFrenchDoorLeafPart,halfCircle,0
rightFrenchDoorLeafPart,shoulderHeight,0
rightFrenchDoorLeafPart,archRadius,0
rightFrenchDoorLeafPart,isFrameLevelArch,0
rightFrenchDoorLeafPart,archedOuterJamb,0
rightFrenchDoorLeafPart,curvedSashHead,0
rightFrenchDoorLeafPart,curvedFrameHead,0
rightFrenchDoorLeafPart,operationId,0
rightFrenchDoorLeafPart,towDsId,1
rightFrenchDoorLeafPart,towBg,1
rightFrenchDoorLeafPart,toBeReplaced,0
rightFrenchDoorLeafPart,repair,0
rightFrenchDoorLeafPart,specialJoineryDetails,3
rightFrenchDoorLeafPart,specialGlassDetails,3
rightFrenchDoorLeafPart,trickleVentInSashCentrePartNo,1
rightFrenchDoorLeafPart,trickleVentInFrameAtSashCentrePartNo,1
rightFrenchDoorLeafPart,bottomHeightExternal,1
rightFrenchDoorLeafPart,thickness,1
rightFrenchDoorLeafPart,typeId,0
rightFrenchDoorLeafPart,btmRailShapeId,1
rightFrenchDoorLeafPart,constantSideOnHeightCalculation,1
rightFrenchDoorLeafPart,steppedBottomRailOverlap,1
rightFrenchDoorLeafPart,chamferedBottomRailAngle,1
rightFrenchDoorLeafPart,allowOpen,0
rightFrenchDoorLeafPart,isMasterLeaf,0
bottomStableDoorLeafPart,width,0
bottomStableDoorLeafPart,height,0
bottomStableDoorLeafPart,topHeight,1
bottomStableDoorLeafPart,leftWidth,1
bottomStableDoorLeafPart,rightWidth,1
bottomStableDoorLeafPart,bottomHeight,1
bottomStableDoorLeafPart,bottomHeight,1
bottomStableDoorLeafPart,archHeight,0
bottomStableDoorLeafPart,archHead,0
bottomStableDoorLeafPart,halfCircle,0
bottomStableDoorLeafPart,shoulderHeight,0
bottomStableDoorLeafPart,archRadius,0
bottomStableDoorLeafPart,isFrameLevelArch,0
bottomStableDoorLeafPart,archedOuterJamb,0
bottomStableDoorLeafPart,curvedSashHead,0
bottomStableDoorLeafPart,curvedFrameHead,0
bottomStableDoorLeafPart,operationId,0
bottomStableDoorLeafPart,towDsId,1
bottomStableDoorLeafPart,towBg,1
bottomStableDoorLeafPart,toBeReplaced,0
bottomStableDoorLeafPart,repair,0
bottomStableDoorLeafPart,specialJoineryDetails,3
bottomStableDoorLeafPart,specialGlassDetails,3
bottomStableDoorLeafPart,bottomHeightExternal,1
bottomStableDoorLeafPart,thickness,1
bottomStableDoorLeafPart,typeId,0
bottomStableDoorLeafPart,btmRailShapeId,1
bottomStableDoorLeafPart,constantSideOnHeightCalculation,1
bottomStableDoorLeafPart,steppedBottomRailOverlap,1
bottomStableDoorLeafPart,chamferedBottomRailAngle,1
bottomStableDoorLeafPart,allowOpen,0
bottomStableDoorLeafPart,isMasterLeaf,0
bottomFloatingTransomCasementSashPart,height,0
bottomFloatingTransomCasementSashPart,topHeight,0
bottomFloatingTransomCasementSashPart,leftWidth,1
bottomFloatingTransomCasementSashPart,rightWidth,1
bottomFloatingTransomCasementSashPart,bottomHeight,1
bottomFloatingTransomCasementSashPart,bottomHeight,1
bottomFloatingTransomCasementSashPart,archHeight,0
bottomFloatingTransomCasementSashPart,archHead,0
bottomFloatingTransomCasementSashPart,halfCircle,0
bottomFloatingTransomCasementSashPart,shoulderHeight,0
bottomFloatingTransomCasementSashPart,archRadius,0
bottomFloatingTransomCasementSashPart,isFrameLevelArch,0
bottomFloatingTransomCasementSashPart,archedOuterJamb,0
bottomFloatingTransomCasementSashPart,curvedSashHead,0
bottomFloatingTransomCasementSashPart,curvedFrameHead,0
bottomFloatingTransomCasementSashPart,operationId,0
bottomFloatingTransomCasementSashPart,towDsId,1
bottomFloatingTransomCasementSashPart,towBg,1
bottomFloatingTransomCasementSashPart,toBeReplaced,0
bottomFloatingTransomCasementSashPart,repair,0
bottomFloatingTransomCasementSashPart,specialJoineryDetails,3
bottomFloatingTransomCasementSashPart,specialGlassDetails,3
bottomFloatingTransomCasementSashPart,bottomHeightExternal,1
bottomFloatingTransomCasementSashPart,thickness,1
bottomFloatingTransomCasementSashPart,typeId,0
bottomFloatingTransomCasementSashPart,btmRailShapeId,1
bottomFloatingTransomCasementSashPart,constantSideOnHeightCalculation,1
bottomFloatingTransomCasementSashPart,stormProofOverlap,1
bottomFloatingTransomCasementSashPart,stormProofLipThickness,1
bottomFloatingTransomCasementSashPart,tiltAndTurnLipThickness,1
bottomFloatingTransomCasementSashPart,tiltAndTurnOverlap,1
bottomFloatingTransomCasementSashPart,steppedBottomRailOverlap,1
bottomFloatingTransomCasementSashPart,chamferedBottomRailAngle,1
bottomFloatingTransomCasementSashPart,hornLength,1
bottomFloatingTransomCasementSashPart,hornTypeShortName,1
bottomFloatingTransomCasementSashPart,isMasterLeaf,0
